Trial,Person1,Person2,Person3,Person4,Person5,Person6,Person7,Person8
1,9.53,6.83,5.3,1.2,3.14,10.63,1.75,1.62
2,7.49,0.86,7.23,4.53,5.66,7.33,2.5,4.4
3,3.78,5.35,6.58,2.41,1.77,2.15,7.65,10.31
4,10.33,0.72,6.02,6.48,6.7,0.58,8.11,1.06
5,6.25,2.4,8.9,2.14,1.74,1.9,3.45,13.22
6,11.54,2.68,3.48,5.92,2.08,8.51,3.77,2.02
7,6.56,11.59,3.75,3.65,5.71,0.89,7.44,0.41
8,7.84,2.73,6.43,3.04,7.65,6.25,1.98,4.08
9,0.99,6.49,6.96,5.53,3.51,0.98,14.67,0.87
10,10.03,5.05,2.84,7.93,6.06,1.22,1.23,5.64
11,10.8,5.68,2.73,6.58,6.71,0.4,2.44,4.66
12,3.25,3.33,4.54,5.14,8.7,10.13,3.27,1.64
13,0.95,10.88,6.12,3.19,7.65,1.37,6.34,3.5
14,3.07,4.79,7.35,7.14,4.93,5.77,4.32,2.63
15,6.18,0.67,4.8,4.02,0.9,3.79,2.21,17.43
16,5.64,7.61,4.08,4.83,5.86,2.52,6.4,3.06
17,3.54,1.58,9.64,1.82,4.92,7.91,3.32,7.27
18,5.79,6.44,5.59,3.75,4.24,7.31,2.83,4.05
19,7.81,4.94,2.34,6.74,7.53,6.51,2.67,1.46
20,6.42,2.52,4.17,10.45,1.54,8.69,3.13,3.08
21,6.51,2.89,6.73,6.94,5.78,4.82,3.34,2.99
22,1.53,6.86,6.65,6.14,5.88,4.67,2.06,6.21
23,2.43,7.13,2.56,7.28,2.54,8.87,1.06,8.13
24,6.16,8.29,6.02,1.97,9.66,5.3,2.17,0.43
25,6.03,5.69,3.4,3.27,4.49,7.04,2.64,7.44
26,1.49,10.12,7.02,9.27,2.03,1.16,1.6,7.31
27,2.44,1.15,3.73,3.12,11.01,6.67,3.63,8.25
28,11.92,9.18,6.15,3.17,2.04,1.45,2.89,3.2
29,2.16,6.18,8.71,6.16,2.86,1.84,10.8,1.29
30,2.16,10.62,7.43,1.01,3.55,1.7,7.49,6.04
31,8.39,3.33,8.37,7.18,5.37,0.69,3.37,3.3
32,9.73,7.73,1.8,6.61,2.04,7.06,1.18,3.85
33,10.38,6.88,6.83,4.48,0.62,2.89,0.41,7.51
34,4.81,0.88,4.8,10.74,3.42,3.67,2.92,8.76
35,1.24,1.72,8.94,4.74,10.05,3.16,4.12,6.03
36,5.85,6.18,5.41,8.05,8.77,0.86,3.82,1.06
37,11.28,0.31,4.05,2.08,3.5,4.09,3.75,10.94
38,2.0,3.46,3.64,4.61,7.67,11.0,4.0,3.62
39,5.03,2.18,3.96,6.15,5.42,7.03,4.69,5.54
40,3.18,2.75,10.01,4.56,3.91,7.97,0.95,6.67
41,9.01,5.45,1.69,6.98,2.67,10.85,0.96,2.39
42,1.11,7.65,4.78,8.82,4.19,4.48,1.67,7.3
43,7.81,0.56,2.17,7.44,4.64,8.06,4.83,4.49
44,1.74,7.66,4.3,5.69,7.5,3.39,1.86,7.86
45,4.47,7.95,4.44,5.36,7.3,3.49,5.76,1.23
46,6.56,6.39,0.69,4.86,7.23,9.18,2.06,3.03
47,3.31,5.59,2.79,7.26,9.03,1.68,3.76,6.58
48,2.21,3.57,6.72,2.77,9.41,3.76,6.61,4.95
49,9.41,1.83,7.88,5.68,1.9,7.36,3.59,2.35
50,1.64,1.39,10.02,6.23,8.94,7.72,1.26,2.8
51,6.07,7.0,3.62,6.79,4.11,4.92,4.74,2.75
52,9.36,5.75,3.7,2.2,4.66,2.64,2.94,8.75
53,3.18,6.34,8.82,3.52,3.38,3.55,9.04,2.17
54,5.9,8.21,4.71,1.84,1.02,8.1,6.36,3.86
55,9.62,5.21,8.07,9.2,1.58,1.28,4.14,0.9
56,6.55,6.76,2.59,6.85,4.39,3.97,3.76,5.13
57,2.99,5.23,1.88,13.25,1.68,8.82,3.43,2.72
58,6.8,1.29,7.83,9.19,1.66,0.81,12.08,0.34
59,6.14,4.85,3.62,0.41,9.77,3.56,9.41,2.24
60,2.91,4.14,6.57,7.06,4.54,8.33,4.11,2.34
61,9.96,4.88,0.35,2.84,1.04,9.98,1.18,9.77
62,7.38,2.69,2.58,9.41,7.39,4.52,2.78,3.25
63,12.78,3.09,6.47,1.19,3.36,3.87,3.9,5.34
64,1.1,9.27,8.38,3.26,7.28,1.54,4.51,4.66
65,3.27,10.22,3.26,4.58,6.68,1.72,1.43,8.84
66,7.77,9.63,7.79,5.9,1.6,2.65,1.41,3.25
67,9.88,6.43,2.39,6.92,7.33,4.29,2.59,0.17
68,0.91,6.41,8.96,8.33,7.62,0.53,2.03,5.21
69,12.89,5.83,0.77,2.41,5.65,4.19,3.84,4.42
70,8.82,6.34,3.07,4.04,6.2,2.53,7.5,1.5
71,10.7,4.46,3.7,3.47,5.94,5.87,2.94,2.92
72,6.46,8.15,2.3,5.66,7.19,4.74,0.15,5.35
73,2.11,1.37,3.64,6.5,7.18,8.76,7.11,3.33
74,2.82,5.74,0.65,3.2,9.25,3.81,13.49,1.04
75,5.13,6.86,2.6,7.08,4.62,8.49,4.3,0.92
76,4.71,5.86,8.01,2.44,8.11,5.13,3.48,2.26
77,4.65,6.74,9.06,4.08,2.57,5.25,0.7,6.95
78,2.46,9.03,3.6,6.6,8.75,5.63,2.36,1.57
79,2.61,7.67,3.74,4.7,3.03,1.01,12.95,4.29
80,3.64,2.3,8.99,9.28,5.59,2.74,0.42,7.04
81,2.92,5.1,9.94,7.0,7.16,2.61,4.45,0.82
82,6.66,2.9,3.91,3.64,0.88,10.9,1.92,9.19
83,1.55,2.46,9.38,12.54,4.56,3.02,0.79,5.7
84,14.41,3.94,3.64,1.7,5.6,5.91,2.41,2.39
85,5.65,2.32,4.95,5.59,0.64,4.52,4.9,11.43
86,6.03,7.14,7.18,3.98,0.6,4.13,10.4,0.54
87,2.33,4.06,5.24,3.83,7.51,6.13,1.07,9.83
88,7.59,7.18,2.59,1.73,3.47,2.06,4.64,10.74
89,1.17,3.88,6.11,3.81,3.23,8.1,8.36,5.34
90,8.04,4.33,2.09,6.88,8.31,1.2,4.43,4.72
91,1.35,7.03,3.69,4.07,3.22,4.41,16.23,0.0
92,4.76,4.22,5.99,7.02,2.57,1.99,3.08,10.37
93,7.72,1.05,6.41,7.91,1.26,10.16,3.59,1.9
94,8.27,3.77,5.9,2.14,0.29,10.65,1.05,7.93
95,10.23,2.03,7.94,1.28,4.37,0.24,11.07,2.84
96,5.13,2.41,5.96,7.82,2.63,1.04,8.65,6.36
97,2.44,1.04,5.05,8.67,4.25,0.51,16.99,1.05
98,3.04,4.17,6.52,6.19,4.17,5.57,8.01,2.33
99,4.19,3.04,6.54,10.04,3.49,1.6,1.48,9.62
100,4.54,0.87,2.01,4.45,8.68,9.4,4.1,5.95
101,4.22,7.43,6.3,4.02,0.62,7.8,1.82,7.79
102,10.12,1.49,8.8,7.09,4.32,1.37,4.49,2.32
103,9.13,4.2,1.62,4.27,3.68,8.28,1.41,7.41
104,0.94,3.89,6.03,10.25,3.74,9.14,1.77,4.24
105,9.21,2.03,4.1,5.24,4.48,3.56,4.45,6.93
106,5.29,0.79,5.63,4.89,1.82,13.05,0.77,7.76
107,9.61,0.62,10.3,6.39,2.65,5.54,1.43,3.46
108,6.31,0.35,6.6,7.91,2.04,6.05,10.39,0.35
109,5.47,5.87,7.68,6.5,1.25,4.74,8.34,0.15
110,2.23,4.47,7.33,1.85,4.14,12.44,3.59,3.95
111,3.1,2.96,4.88,10.12,0.42,10.89,1.22,6.41
112,3.68,10.44,6.49,7.99,2.07,3.32,1.38,4.63
113,5.35,0.66,1.2,6.28,2.36,8.93,3.81,11.41
114,6.03,7.57,0.54,5.72,9.98,5.39,3.08,1.69
115,6.4,8.19,2.73,2.0,12.19,2.7,1.83,3.96
116,8.65,1.68,1.14,5.39,3.86,8.93,0.92,9.43
117,8.51,5.98,8.34,4.4,5.86,1.74,4.84,0.33
118,6.01,7.92,8.08,1.74,1.11,4.18,9.02,1.94
119,8.09,3.5,7.76,5.76,3.95,0.41,9.44,1.09
120,1.73,5.71,7.7,9.59,1.01,3.1,0.67,10.49
121,8.74,4.99,4.69,7.31,4.62,0.4,8.1,1.15
122,1.24,10.91,7.11,4.73,6.07,0.4,7.02,2.52
123,4.98,8.98,1.34,7.71,5.17,7.34,1.02,3.46
124,8.21,8.69,3.07,6.48,4.75,4.99,2.11,1.7
125,5.5,5.25,6.02,5.03,0.48,2.51,1.82,13.39
126,6.01,4.38,1.38,8.47,2.33,8.8,1.61,7.02
127,8.96,2.85,5.09,4.37,7.58,1.25,9.77,0.13
128,8.83,6.47,5.28,1.76,3.55,2.16,0.87,11.08
129,5.75,4.8,7.28,3.42,2.1,9.95,6.03,0.67
130,6.87,4.35,3.23,0.86,6.59,0.93,13.24,3.93
131,1.82,4.15,6.22,7.58,3.61,1.23,3.45,11.94
132,9.28,4.28,3.19,5.7,8.45,3.08,1.77,4.25
133,0.75,1.62,3.95,2.18,10.04,2.41,17.05,2.0
134,2.23,8.13,8.05,3.89,9.25,4.77,2.32,1.36
135,11.21,2.39,6.49,2.84,1.37,2.51,2.95,10.24
136,6.8,3.22,5.43,6.2,6.41,2.69,8.27,0.98
137,4.93,1.49,14.11,5.82,3.14,3.52,3.11,3.88
138,7.82,2.02,8.51,7.86,2.44,4.84,4.66,1.85
139,11.44,2.47,7.34,3.34,2.6,6.45,2.61,3.75
140,9.54,0.38,8.57,7.26,1.93,2.92,3.66,5.74
141,2.07,8.16,2.05,7.76,1.5,3.32,13.37,1.77
142,3.88,7.84,7.15,5.95,0.76,9.88,2.25,2.29
143,8.81,1.56,1.15,7.01,5.6,4.97,5.76,5.14
144,4.32,3.39,6.49,3.24,10.41,4.51,2.15,5.49
145,10.39,1.73,2.54,3.55,1.25,3.82,4.63,12.09
146,1.31,3.56,10.13,3.84,7.88,7.69,4.72,0.87
147,5.9,3.05,4.15,10.43,2.81,6.87,3.31,3.48
148,2.41,5.14,3.82,7.36,7.51,5.92,2.05,5.79
149,1.36,8.63,6.95,2.48,6.65,2.23,5.91,5.79
150,3.16,10.07,8.51,5.8,0.72,1.82,4.8,5.12
151,6.33,8.71,4.27,5.54,3.61,6.68,0.31,4.55
152,3.91,7.0,4.91,8.53,6.91,1.98,1.27,5.49
153,0.99,4.24,12.09,7.47,5.08,2.76,2.74,4.63
154,7.68,8.5,3.62,7.82,5.88,0.66,5.08,0.76
155,3.5,1.42,11.47,3.51,3.91,6.34,4.28,5.57
156,5.49,3.11,7.55,6.89,6.64,0.64,1.66,8.02
157,6.13,8.54,2.67,2.5,2.85,6.57,7.91,2.83
158,9.84,13.16,5.17,3.16,0.69,4.92,1.9,1.16
159,7.99,9.93,2.15,1.96,3.76,5.51,7.29,1.41
160,10.0,7.49,5.04,4.91,3.08,1.57,3.83,4.08
161,6.65,4.64,4.15,5.08,1.35,8.63,0.7,8.8
162,6.16,0.39,6.89,3.41,5.04,4.51,12.25,1.35
163,2.63,6.62,6.92,6.13,4.65,4.65,3.2,5.2
164,2.84,3.4,2.96,11.26,5.83,5.33,5.0,3.38
165,8.33,4.52,4.26,7.99,1.9,4.59,6.74,1.67
166,7.63,10.84,2.86,7.2,1.64,2.41,2.09,5.33
167,6.59,5.04,4.93,8.88,1.09,5.24,3.61,4.62
168,4.81,8.13,7.76,3.07,5.48,4.56,3.32,2.87
169,6.5,9.96,2.22,4.13,1.33,10.82,1.43,3.61
170,4.17,5.49,7.93,2.11,8.74,3.03,4.39,4.14
171,11.68,1.38,1.05,4.34,4.59,5.95,0.6,10.41
172,1.71,5.82,8.33,6.57,5.6,2.24,0.47,9.26
173,5.91,2.84,5.3,2.87,3.79,1.4,10.81,7.08
174,3.41,1.61,7.31,2.59,12.6,4.8,7.07,0.61
175,6.6,12.36,2.28,2.02,7.44,3.24,2.51,3.55
176,7.89,3.07,6.29,8.01,3.01,4.31,0.61,6.81
177,5.49,6.41,7.12,2.17,5.99,7.9,0.59,4.33
178,8.2,6.31,1.97,0.99,5.14,8.5,4.26,4.63
179,8.54,4.05,4.52,6.64,4.82,4.1,0.65,6.68
180,6.21,1.57,8.14,0.85,9.56,4.35,3.19,6.13
181,2.55,5.8,8.29,8.55,1.97,3.66,4.66,4.52
182,5.04,6.98,1.12,5.01,7.93,7.85,3.31,2.76
183,2.34,1.81,6.85,0.79,10.68,2.42,2.06,13.05
184,6.71,1.81,6.74,5.51,2.71,4.34,0.61,11.57
185,11.35,3.35,2.46,2.4,3.48,2.12,2.4,12.44
186,4.15,6.03,8.59,5.77,0.38,4.14,4.08,6.86
187,2.49,3.4,5.55,6.14,6.21,6.15,7.75,2.31
188,1.45,7.77,6.8,7.26,4.5,1.75,10.31,0.16
189,4.96,3.95,7.68,6.6,0.31,4.57,11.04,0.89
190,13.79,4.63,1.52,1.29,7.06,6.76,1.35,3.6
191,0.82,0.82,0.92,3.55,13.0,7.64,9.79,3.46
192,7.91,4.57,7.99,4.06,7.81,1.78,3.64,2.24
193,6.21,14.47,1.93,2.91,1.08,7.49,4.67,1.24
194,8.12,1.7,3.94,6.83,1.66,4.23,12.77,0.75
195,3.93,1.68,8.91,7.62,8.23,2.39,1.31,5.93
196,2.13,5.22,6.75,3.16,2.58,7.38,5.49,7.29
197,4.66,9.65,4.47,6.62,1.33,3.95,1.76,7.56
198,9.47,5.08,4.63,1.83,5.9,2.73,10.29,0.07
199,9.67,2.5,4.48,1.27,7.15,2.4,10.68,1.85
200,3.75,11.59,1.69,5.14,0.48,1.51,13.0,2.84
201,2.42,4.05,9.17,7.31,1.92,8.85,0.8,5.48
202,6.73,3.18,7.46,5.81,0.97,10.42,4.41,1.02
203,1.79,8.31,7.37,3.87,6.48,6.35,3.91,1.92
204,6.08,3.66,2.6,6.14,7.23,0.58,5.8,7.91
205,8.83,3.47,3.42,8.68,4.89,4.7,3.27,2.74
206,3.84,2.13,2.36,4.41,4.74,1.59,5.71,15.22
207,12.08,6.22,4.47,2.1,6.05,0.55,5.72,2.81
208,2.12,7.6,4.57,2.23,7.33,4.91,9.73,1.51
209,5.58,0.49,7.1,4.04,0.64,6.05,13.14,2.96
210,4.01,9.81,3.59,5.38,1.85,2.5,1.87,10.99
211,2.09,4.87,6.98,7.86,1.7,7.65,2.5,6.35
212,8.38,1.4,7.89,5.15,3.84,3.76,4.98,4.6
213,4.22,9.56,8.74,4.48,3.7,3.26,1.15,4.89
214,5.81,1.63,6.7,8.79,7.16,1.85,5.21,2.85
215,4.33,10.21,6.59,2.67,6.01,6.15,2.33,1.71
216,1.19,9.21,2.04,1.66,4.28,8.8,11.86,0.96
217,6.66,1.26,5.74,5.79,9.1,2.72,8.5,0.23
218,4.85,1.19,6.15,6.67,3.04,7.67,2.53,7.9
219,8.94,4.66,1.4,4.92,2.17,0.25,2.66,15.0
220,2.7,1.14,1.86,11.83,6.96,9.66,2.85,3.0
221,7.68,6.01,7.01,4.47,4.73,4.93,1.22,3.95
222,5.98,1.46,3.96,12.44,3.44,4.23,6.45,2.04
223,3.08,10.57,9.12,2.58,5.6,2.93,3.81,2.31
224,2.43,4.7,7.92,3.67,7.16,1.94,0.93,11.25
225,4.89,3.41,9.19,9.99,1.87,1.95,2.21,6.49
226,7.15,3.86,1.47,5.15,0.7,2.69,7.61,11.37
227,4.66,9.4,2.7,3.44,5.05,5.36,8.98,0.41
228,1.18,1.49,8.62,7.47,2.19,6.24,11.9,0.91
229,1.84,2.94,8.86,7.72,3.64,6.43,0.99,7.58
230,6.03,1.31,4.14,10.44,1.81,9.77,2.45,4.05
231,3.13,5.78,3.11,1.95,3.08,1.92,19.27,1.76
232,4.23,4.75,4.95,3.1,6.16,0.54,11.49,4.78
233,6.55,3.37,5.69,6.1,3.07,1.49,4.65,9.08
234,4.22,1.08,10.35,5.52,6.59,5.01,1.29,5.94
235,7.01,1.98,6.55,5.18,3.45,1.07,9.2,5.56
236,8.57,4.29,1.56,2.22,0.39,6.9,1.53,14.54
237,8.06,6.54,1.28,6.1,4.07,1.86,10.43,1.66
238,5.5,7.5,4.11,8.78,1.51,7.33,1.81,3.46
239,5.78,1.94,4.94,4.3,9.49,6.43,3.16,3.96
240,7.59,6.54,2.62,4.24,8.09,3.79,4.12,3.01
241,0.86,9.8,7.01,3.78,0.75,4.8,8.08,4.92
242,2.67,7.42,7.0,1.84,7.27,1.54,8.57,3.69
243,5.8,9.48,2.59,3.16,2.0,6.12,9.98,0.87
244,4.76,3.86,4.66,6.97,1.88,3.5,6.46,7.91
245,7.86,6.92,6.92,1.12,4.98,6.36,4.35,1.49
246,3.5,4.63,8.01,4.73,2.85,10.82,3.57,1.89
247,0.83,8.77,4.39,5.52,3.97,3.14,11.46,1.92
248,3.47,7.6,7.4,5.22,6.1,6.61,3.45,0.15
249,6.73,3.59,0.55,11.14,6.65,1.52,2.39,7.43
250,2.53,8.59,2.48,10.08,2.88,6.02,6.64,0.78
251,2.55,1.27,1.49,7.4,8.43,4.28,13.76,0.82
252,3.27,9.33,2.58,7.49,1.06,9.41,2.72,4.14
253,5.6,5.34,0.99,7.41,1.08,3.9,1.97,13.71
254,10.68,3.99,1.36,3.55,10.34,4.26,1.18,4.64
255,3.89,4.57,5.11,0.86,9.0,8.61,0.68,7.28
256,6.55,8.92,3.96,2.17,4.64,4.71,8.76,0.29
257,1.98,2.4,9.57,2.65,1.66,8.16,10.71,2.87
258,6.24,6.6,5.76,6.12,4.36,4.02,2.93,3.97
259,0.91,4.98,4.84,7.87,2.36,12.57,1.91,4.56
260,1.19,1.36,3.05,4.31,1.67,2.06,5.25,21.11
261,2.78,8.11,5.82,5.29,1.19,10.59,3.83,2.39
262,1.62,3.14,9.19,3.3,9.8,2.18,9.93,0.84
263,0.45,7.93,12.62,7.1,1.93,4.26,1.67,4.04
264,5.63,1.64,0.65,12.55,5.49,3.39,5.62,5.03
265,6.13,6.73,8.78,7.63,0.74,2.23,2.86,4.9
266,5.4,9.49,6.9,5.62,0.68,6.55,1.94,3.42
267,4.17,9.03,5.42,4.14,7.5,3.45,4.17,2.12
268,1.56,3.25,6.55,5.81,8.42,1.24,3.97,9.2
269,3.73,3.89,4.86,5.3,10.21,3.87,5.82,2.32
270,7.47,8.63,5.98,3.97,0.68,4.44,3.96,4.87
271,4.82,4.83,2.0,7.35,14.96,1.32,1.57,3.15
272,4.62,3.6,9.58,3.78,2.13,4.41,11.24,0.64
273,9.62,4.52,1.7,7.05,1.62,8.65,0.98,5.86
274,6.35,4.23,3.25,8.34,7.35,2.76,4.33,3.39
275,9.32,0.53,1.93,9.47,6.35,2.0,9.57,0.83
276,0.62,10.37,5.13,10.51,0.56,4.97,4.36,3.48
277,3.87,6.7,6.47,4.98,4.08,8.85,1.9,3.15
278,7.03,3.17,3.53,1.29,11.7,3.82,7.18,2.28
279,2.37,2.31,3.51,14.29,9.13,3.9,3.49,1.0
280,8.77,5.74,5.84,3.6,7.56,3.54,4.89,0.06
281,6.52,6.4,3.23,3.52,0.32,3.78,3.58,12.65
282,2.42,5.13,3.49,3.55,6.56,1.28,9.85,7.72
283,2.54,5.11,8.31,11.76,4.55,0.9,2.99,3.84
284,5.46,1.27,6.66,9.7,4.56,2.42,7.94,1.99
285,4.77,6.64,3.78,3.9,7.35,3.5,6.59,3.47
286,0.73,5.26,5.53,1.32,9.46,5.27,8.14,4.29
287,1.34,8.18,5.56,6.49,1.82,1.29,9.15,6.17
288,5.16,2.92,6.29,1.29,10.22,4.78,3.03,6.31
289,7.87,6.2,9.55,4.55,1.22,6.4,0.11,4.1
290,1.86,6.54,6.0,1.22,11.25,8.59,2.02,2.52
291,3.16,5.29,9.61,6.85,3.26,3.85,3.15,4.83
292,2.78,4.17,5.66,3.62,8.67,5.49,7.48,2.13
293,4.54,12.28,1.31,3.95,1.33,12.14,4.1,0.35
294,1.43,12.49,4.82,3.6,3.51,2.54,10.24,1.37
295,5.94,8.45,6.83,4.37,7.38,2.89,2.33,1.81
296,4.74,3.57,9.12,4.76,3.1,5.09,1.37,8.25
297,10.83,0.5,4.3,6.32,7.14,2.63,6.27,2.01
298,7.12,9.0,8.45,6.01,2.05,3.38,2.47,1.52
299,4.83,1.28,6.76,8.39,3.45,7.73,1.32,6.24
300,10.4,0.91,5.82,4.82,9.57,2.49,3.76,2.23
301,3.48,6.17,8.2,1.87,4.4,3.19,7.97,4.72
302,4.45,9.3,5.93,5.94,1.82,2.06,1.06,9.44
303,3.09,4.38,7.6,1.81,2.16,4.25,11.37,5.34
304,8.55,1.79,8.8,4.15,6.76,6.64,0.62,2.69
305,0.66,6.74,2.98,6.88,8.17,8.28,4.5,1.79
306,4.89,4.36,5.7,9.58,8.15,2.08,3.37,1.87
307,6.96,3.17,6.92,6.78,2.66,6.03,0.77,6.71
308,10.23,5.11,7.51,3.34,6.08,4.3,2.99,0.44
309,0.65,3.09,6.54,3.53,12.46,4.55,2.98,6.2
310,4.5,5.21,1.96,5.6,8.7,1.06,3.49,9.48
311,4.42,9.26,4.3,5.67,3.1,8.32,3.28,1.65
312,5.83,0.72,9.73,8.28,6.14,2.54,0.17,6.59
313,1.92,9.12,10.51,5.45,3.5,2.88,0.99,5.63
314,1.14,0.62,14.94,2.38,3.58,2.21,6.67,8.46
315,7.36,2.65,2.42,4.04,9.51,4.49,5.57,3.96
316,9.16,2.53,2.06,5.11,6.61,8.57,5.54,0.42
317,6.28,2.52,8.38,3.41,10.52,5.56,1.14,2.19
318,3.71,6.36,2.59,9.94,5.55,2.54,6.76,2.55
319,7.43,6.69,7.65,1.78,7.31,4.58,2.8,1.76
320,0.85,3.88,1.32,8.5,8.17,1.94,2.34,13.0
321,3.12,5.23,1.15,7.97,3.4,4.78,8.81,5.54
322,6.58,5.92,1.65,10.16,3.06,7.24,1.44,3.95
323,4.66,2.39,1.51,4.51,9.16,7.91,2.04,7.82
324,8.03,6.18,8.44,2.03,3.13,8.06,2.02,2.11
325,7.55,0.78,9.07,7.16,5.47,2.54,1.46,5.97
326,0.84,2.55,9.69,2.68,1.46,8.83,11.43,2.52
327,1.97,2.42,9.89,7.7,4.69,8.29,3.83,1.21
328,6.41,5.97,1.29,6.88,7.89,5.39,3.65,2.52
329,6.72,10.6,3.12,4.16,1.22,1.31,12.67,0.2
330,13.47,3.66,5.09,1.05,6.66,4.2,1.07,4.8
331,5.6,1.19,8.21,6.51,3.73,0.34,11.02,3.4
332,2.08,3.74,1.95,3.45,2.09,5.75,13.71,7.23
333,4.85,3.67,6.99,10.65,2.84,1.28,1.19,8.53
334,2.97,8.25,3.59,1.98,4.81,9.67,6.53,2.2
335,4.0,9.53,5.78,4.37,5.78,7.01,3.36,0.17
336,3.65,6.8,1.85,5.21,2.35,12.68,3.89,3.57
337,7.28,3.44,10.36,0.75,8.85,5.58,1.74,2.0
338,7.76,6.33,5.28,3.2,8.08,3.57,3.87,1.91
339,5.35,1.25,9.37,4.29,8.09,4.27,5.3,2.08
340,11.09,3.19,3.02,8.86,5.94,1.86,4.15,1.89
341,4.8,8.7,6.86,5.33,5.16,2.28,5.68,1.19
342,3.7,3.04,5.67,4.73,1.79,4.68,4.13,12.26
343,9.24,10.36,2.38,9.29,2.14,2.55,2.06,1.98
344,9.44,7.97,3.03,1.62,2.31,4.63,3.64,7.36
345,7.89,5.89,1.58,5.38,10.61,2.59,5.98,0.08
346,7.97,2.6,2.98,8.95,7.89,2.43,5.61,1.57
347,5.32,2.55,8.32,7.26,5.19,4.1,0.96,6.3
348,2.61,4.57,4.48,7.42,0.65,11.87,2.98,5.42
349,3.1,13.58,2.32,3.83,5.63,4.03,7.23,0.28
350,6.77,5.99,8.74,0.88,6.09,7.05,3.5,0.98
351,0.99,1.21,7.25,7.59,3.98,7.64,2.76,8.58
352,5.6,7.23,8.85,2.84,1.63,2.81,6.69,4.35
353,6.37,5.36,4.0,4.27,2.61,1.44,4.06,11.89
354,2.78,4.07,4.11,4.0,10.42,2.15,9.93,2.54
355,2.2,11.8,1.26,7.79,7.93,2.76,2.47,3.79
356,3.97,0.97,0.41,11.25,9.31,7.51,0.38,6.2
357,11.06,1.96,7.93,3.83,4.66,3.64,1.6,5.32
358,9.14,5.17,7.17,4.8,7.63,2.07,2.05,1.97
359,4.04,4.2,8.95,6.77,6.72,4.97,1.73,2.62
360,6.27,10.04,5.42,3.49,1.47,5.87,0.25,7.19
361,4.48,1.76,7.02,8.08,9.51,2.45,1.52,5.18
362,7.7,8.44,5.89,7.77,3.64,2.51,3.76,0.29
363,7.51,0.94,7.82,6.48,9.1,4.7,1.55,1.9
364,4.42,6.62,1.81,9.95,4.86,4.91,2.89,4.54
365,3.89,12.79,7.12,3.48,1.42,0.77,3.37,7.16
366,5.01,1.3,3.34,10.24,2.7,9.08,1.56,6.77
367,7.51,8.48,6.42,1.29,4.31,0.65,10.08,1.26
368,2.39,9.22,10.14,1.75,1.21,9.57,0.99,4.73
369,2.53,10.1,4.38,5.4,6.36,3.65,6.09,1.49
370,3.31,11.21,0.73,12.24,1.18,3.21,6.24,1.88
371,6.73,9.33,5.75,5.16,1.42,3.42,4.4,3.79
372,8.71,6.26,3.49,6.05,6.46,4.01,1.51,3.51
373,10.96,1.87,0.6,8.82,3.5,1.14,1.26,11.85
374,4.23,5.14,6.59,8.53,2.82,3.45,1.63,7.61
375,3.66,8.94,2.07,3.15,7.91,10.24,3.54,0.49
376,2.14,4.78,8.64,9.38,5.7,3.82,1.4,4.14
377,4.43,4.4,5.37,6.23,4.67,5.94,3.38,5.58
378,11.62,3.5,5.12,7.93,6.07,0.2,1.92,3.64
379,3.16,4.51,4.15,10.39,1.86,6.58,4.15,5.2
380,3.16,11.85,2.56,1.28,2.19,0.32,18.64,0.0
381,3.66,4.58,9.57,3.67,3.53,6.47,1.93,6.59
382,3.93,6.36,1.43,6.5,9.71,3.68,8.18,0.21
383,7.61,9.63,7.13,3.08,3.25,6.27,1.75,1.28
384,3.95,3.21,3.84,7.39,5.17,7.82,4.83,3.79
385,2.56,2.29,4.2,8.23,8.98,9.21,1.17,3.36
386,6.06,3.98,7.15,6.64,2.52,8.84,0.99,3.82
387,1.73,10.86,1.72,3.79,2.15,12.39,5.43,1.93
388,7.97,2.01,8.67,3.6,3.94,8.3,3.27,2.24
389,3.57,2.54,7.84,7.8,9.48,1.47,6.13,1.17
390,1.15,8.89,4.42,1.17,3.94,1.26,10.98,8.19
391,9.36,3.81,4.11,7.3,2.52,6.48,3.13,3.29
392,5.08,4.3,8.41,3.28,4.21,7.65,6.5,0.57
393,3.88,12.97,4.6,1.41,3.42,6.53,5.22,1.97
394,10.38,1.82,1.81,1.93,3.42,2.41,11.85,6.38
395,9.23,3.82,7.61,7.83,1.8,4.48,4.38,0.85
396,3.01,4.15,6.44,2.72,7.43,9.17,2.01,5.07
397,1.62,8.36,2.21,4.39,2.87,6.7,0.71,13.14
398,2.14,1.98,10.57,10.95,0.64,1.96,1.47,10.29
399,10.01,3.62,4.84,5.85,1.18,6.75,4.0,3.75
400,6.07,4.9,3.69,1.9,1.83,6.7,13.69,1.22
401,12.37,3.31,7.3,2.18,1.64,2.1,3.82,7.28
402,0.88,5.16,6.71,2.76,9.51,4.55,3.05,7.38
403,1.03,0.81,1.95,7.78,3.16,12.12,3.7,9.45
404,2.43,3.0,9.15,10.08,3.56,6.29,0.97,4.52
405,7.47,0.76,9.07,2.96,4.24,2.29,4.15,9.06
406,6.14,2.96,0.84,1.67,3.84,1.11,20.8,2.64
407,4.65,0.69,2.81,3.02,8.39,9.46,1.72,9.26
408,1.1,16.16,2.04,5.3,2.76,7.52,0.13,4.99
409,5.69,0.55,3.44,1.89,7.78,2.77,7.68,10.2
410,3.54,9.26,1.99,6.24,7.31,3.56,8.02,0.08
411,5.78,3.86,4.56,4.24,2.54,6.04,3.88,9.1
412,10.78,5.81,5.04,2.69,3.18,2.45,7.35,2.7
413,3.28,3.77,7.95,3.46,7.59,1.54,4.73,7.68
414,2.31,9.73,8.86,4.59,2.87,3.4,2.41,5.83
415,9.06,6.85,1.14,2.59,4.51,3.0,6.49,6.36
416,6.48,3.79,5.88,1.33,1.76,12.25,3.95,4.56
417,8.75,5.89,4.02,5.78,2.14,2.91,1.98,8.53
418,11.6,1.7,1.58,9.81,3.78,8.32,1.08,2.13
419,3.29,7.6,0.8,7.38,3.99,1.52,11.99,3.43
420,5.61,9.5,6.19,1.05,1.55,3.63,2.13,10.34
421,8.23,6.44,7.13,4.22,3.01,4.56,0.64,5.77
422,9.57,4.34,2.2,6.65,6.76,3.88,4.13,2.47
423,4.49,6.16,5.36,7.3,7.47,2.37,1.59,5.26
424,2.33,2.22,4.39,11.46,2.32,11.5,1.1,4.68
425,9.71,7.32,7.26,1.84,5.6,0.81,1.28,6.18
426,5.88,5.63,3.37,2.24,0.68,14.78,4.49,2.93
427,9.49,6.28,3.6,2.14,5.76,5.27,4.12,3.34
428,3.52,5.08,6.67,5.16,9.28,5.38,0.59,4.32
429,6.85,2.01,2.22,4.67,0.71,6.08,9.07,8.39
430,4.76,0.37,2.53,8.48,5.41,8.77,4.88,4.8
431,9.19,2.02,9.84,8.63,2.54,4.41,1.25,2.12
432,11.51,5.87,3.86,2.79,6.09,5.09,2.46,2.33
433,3.12,10.02,8.73,2.17,6.12,3.36,3.45,3.03
434,6.09,6.32,8.15,6.1,2.25,0.96,2.3,7.83
435,1.1,3.54,10.63,4.94,0.5,4.71,1.79,12.79
436,1.04,6.48,8.35,10.07,6.08,3.2,4.68,0.1
437,6.11,6.42,4.25,1.12,6.64,3.48,4.95,7.03
438,9.54,6.45,2.9,4.04,1.34,7.0,1.46,7.27
439,1.56,2.89,0.86,5.78,6.03,4.56,7.77,10.55
440,5.19,1.85,6.42,1.06,12.71,4.04,0.91,7.82
441,6.25,1.28,6.13,7.69,5.02,4.28,4.46,4.89
442,7.32,4.86,8.18,4.43,1.5,2.46,4.14,7.11
443,10.03,7.72,5.69,5.06,3.15,1.45,5.11,1.79
444,2.06,5.43,6.46,2.38,1.46,3.64,15.11,3.46
445,2.42,4.87,11.02,5.77,5.87,5.75,3.09,1.21
446,2.16,10.69,4.61,6.46,1.79,7.52,1.3,5.47
447,6.65,3.0,3.88,3.33,3.18,5.22,6.34,8.4
448,4.14,5.83,2.51,9.86,7.43,3.01,4.79,2.43
449,6.52,5.42,2.22,0.64,9.85,5.24,8.55,1.56
450,0.58,3.06,7.42,5.47,2.44,10.72,8.75,1.56
451,2.05,7.83,2.01,4.09,0.69,7.25,9.96,6.12
452,9.56,7.66,2.17,6.61,2.87,7.32,1.47,2.34
453,8.15,3.35,7.92,8.07,1.3,7.38,2.7,1.13
454,6.15,5.45,2.8,6.26,8.53,6.55,1.58,2.68
455,2.96,5.68,6.97,2.7,7.0,3.65,10.17,0.87
456,2.31,3.39,3.54,2.69,9.22,8.3,3.71,6.84
457,10.73,4.17,5.14,3.22,1.79,6.47,7.91,0.57
458,7.46,0.93,2.52,5.03,9.95,5.74,4.99,3.38
459,9.22,3.08,3.17,0.98,6.51,12.4,1.81,2.83
460,6.31,1.64,6.92,5.57,6.74,0.84,7.24,4.74
461,2.99,1.74,3.74,4.69,9.78,7.6,2.87,6.59
462,10.98,4.27,1.39,8.29,2.8,5.68,4.41,2.18
463,6.42,5.21,7.55,6.63,1.61,6.95,4.71,0.92
464,8.24,6.7,3.42,2.53,3.94,1.82,9.8,3.55
465,1.63,3.44,3.13,8.49,8.49,6.94,2.18,5.7
466,5.73,5.29,1.66,8.95,8.31,5.12,3.68,1.26
467,3.45,0.57,10.65,7.32,5.24,5.78,0.65,6.34
468,1.12,4.92,12.63,7.5,6.15,2.93,1.39,3.36
469,4.48,3.06,1.35,12.12,4.1,7.34,6.39,1.16
470,10.45,3.72,8.77,5.89,5.4,1.41,3.92,0.44
471,5.37,1.09,4.5,7.76,7.81,0.7,8.53,4.24
472,2.07,8.02,9.16,1.54,2.59,9.13,4.21,3.28
473,4.67,2.63,3.18,8.15,9.78,0.53,6.95,4.11
474,2.33,7.85,8.96,6.14,6.0,2.05,2.85,3.82
475,0.77,2.55,7.85,4.48,11.18,4.81,6.92,1.44
476,9.33,9.12,1.64,6.56,5.84,4.54,1.1,1.87
477,10.01,5.7,6.59,3.45,3.06,4.24,2.12,4.83
478,12.6,8.7,1.42,1.18,2.74,6.33,4.63,2.4
479,8.15,12.74,3.26,4.95,3.28,3.05,4.46,0.11
480,10.72,4.11,4.41,4.87,4.57,4.85,1.92,4.55
481,3.59,8.54,5.28,7.23,5.8,3.4,0.61,5.55
482,7.32,3.84,5.13,4.43,7.61,0.35,6.51,4.81
483,4.25,5.18,0.61,5.78,8.69,3.89,7.7,3.9
484,9.56,4.87,7.31,1.45,4.61,2.43,6.22,3.55
485,10.15,1.11,7.25,4.2,3.9,7.02,0.28,6.09
486,4.74,5.55,1.36,7.63,6.36,9.15,2.03,3.18
487,7.62,7.32,5.0,8.34,1.13,0.43,7.67,2.49
488,3.29,1.1,5.5,9.38,5.93,1.28,11.26,2.26
489,10.72,6.5,6.66,4.47,1.31,4.5,1.37,4.47
490,0.21,0.66,11.07,6.29,8.72,5.98,2.49,4.58
491,4.36,0.67,1.64,9.03,1.59,3.63,2.49,16.59
492,2.94,2.25,7.99,7.98,6.92,2.89,2.35,6.68
493,2.57,8.79,7.14,6.44,6.49,1.03,6.02,1.52
494,0.63,8.09,2.85,2.49,7.27,2.24,3.01,13.42
495,5.67,4.44,2.44,4.16,5.99,9.06,6.04,2.2
496,7.32,2.07,7.27,0.42,2.58,4.28,7.74,8.32
497,6.81,0.51,3.5,6.12,10.1,2.63,6.75,3.58
498,4.99,6.42,4.52,9.53,5.53,0.8,7.74,0.47
499,9.89,2.5,6.3,3.87,2.16,2.57,9.35,3.36
500,9.76,7.56,2.82,6.52,0.41,4.66,2.29,5.98
501,4.27,11.92,4.32,9.04,2.28,0.18,7.71,0.28
502,7.74,1.29,10.2,8.54,1.82,2.5,4.7,3.21
503,0.87,8.76,8.4,10.44,5.07,2.41,1.15,2.9
504,4.89,8.91,3.67,1.95,1.31,4.63,4.25,10.39
505,4.25,0.75,2.06,7.35,5.48,10.25,9.55,0.31
506,2.32,2.03,3.35,4.78,12.71,8.0,1.56,5.25
507,9.08,4.83,0.24,4.21,0.6,8.52,1.09,11.43
508,4.35,4.75,8.16,8.85,3.54,4.42,4.11,1.82
509,2.79,2.94,9.43,8.82,2.78,3.45,2.16,7.63
510,8.83,4.11,4.15,1.94,12.25,3.49,4.65,0.58
511,3.28,4.84,6.28,6.56,2.12,12.39,1.22,3.31
512,0.66,1.05,4.94,3.09,2.13,17.13,5.37,5.63
513,6.04,4.37,8.34,1.57,2.98,3.78,5.26,7.66
514,2.96,1.95,4.91,4.61,2.98,9.52,11.42,1.65
515,4.23,9.4,8.18,4.42,5.54,1.56,1.12,5.55
516,2.48,5.88,0.55,3.68,3.78,5.97,5.14,12.52
517,3.76,2.93,2.04,8.64,12.24,3.23,2.15,5.01
518,7.64,0.99,8.88,7.04,3.55,6.45,4.33,1.12
519,4.97,3.34,4.65,11.74,3.56,1.35,3.47,6.92
520,9.72,2.19,0.97,2.91,7.9,6.48,3.94,5.89
521,4.67,5.58,0.9,5.61,11.21,1.25,3.25,7.53
522,4.54,2.26,1.29,5.27,9.57,6.91,2.04,8.12
523,8.48,1.36,7.28,7.5,5.41,4.68,1.33,3.96
524,9.06,5.97,1.34,2.74,7.91,3.41,9.28,0.29
525,2.85,5.14,4.57,11.54,4.12,6.21,3.08,2.49
526,6.52,0.64,3.01,5.68,4.6,0.71,8.81,10.03
527,5.7,12.08,4.96,1.62,5.89,3.67,1.52,4.56
528,7.72,8.36,6.66,6.8,1.48,3.23,3.5,2.25
529,2.36,5.23,1.66,3.31,3.36,14.74,2.32,7.02
530,3.52,4.33,6.74,3.62,7.38,7.56,1.89,4.96
531,4.17,10.27,5.54,5.74,2.93,5.12,2.23,4.0
532,12.11,2.37,2.58,2.59,0.31,0.38,5.51,14.15
533,9.08,3.7,4.31,1.88,4.97,8.78,5.36,1.92
534,9.34,1.33,5.87,6.74,3.26,0.74,9.81,2.91
535,4.4,4.16,1.04,8.5,1.81,3.42,2.9,13.77
536,6.05,2.78,6.53,3.12,6.14,4.58,4.78,6.02
537,7.19,7.83,4.72,0.93,3.07,4.07,8.04,4.15
538,3.26,0.48,4.62,9.86,1.24,5.25,7.2,8.09
539,4.97,8.34,1.03,7.73,5.37,2.85,9.41,0.3
540,6.57,10.7,0.84,7.84,5.04,0.92,0.7,7.39
541,2.8,1.34,4.74,7.86,3.47,7.22,10.49,2.08
542,6.58,1.11,6.8,1.75,10.52,4.31,3.87,5.06
543,8.53,6.09,4.45,2.66,0.29,8.14,2.12,7.72
544,3.84,4.3,1.89,12.88,4.22,1.49,9.71,1.67
545,9.99,4.33,6.57,7.55,1.34,3.94,4.86,1.42
546,3.82,5.0,8.92,6.45,5.21,4.07,3.97,2.56
547,7.91,2.33,9.14,7.31,0.84,3.88,2.23,6.36
548,5.19,1.87,9.54,7.12,5.71,4.84,3.1,2.63
549,7.28,9.08,6.71,5.66,2.62,4.56,1.39,2.7
550,6.72,0.69,5.46,3.38,2.45,1.54,16.05,3.71
551,6.04,1.09,9.79,5.93,5.79,0.33,9.15,1.88
552,7.24,5.52,5.99,4.31,2.29,5.68,3.28,5.69
553,6.08,3.65,9.61,3.04,5.06,1.66,10.56,0.34
554,1.52,9.34,6.19,1.6,1.58,13.28,3.33,3.16
555,4.49,2.06,8.69,3.57,1.33,3.44,4.45,11.97
556,8.51,10.07,4.35,4.52,4.91,1.77,5.54,0.33
557,11.56,2.6,5.93,0.5,6.0,6.65,5.86,0.9
558,0.63,3.53,12.05,2.95,7.1,4.91,1.03,7.8
559,6.44,4.63,7.69,4.72,5.51,1.12,5.14,4.75
560,7.97,5.11,4.21,3.32,0.42,11.19,3.72,4.06
561,6.79,4.93,0.57,6.06,5.73,0.33,13.44,2.15
562,5.41,0.98,6.0,9.56,4.5,1.98,6.32,5.25
563,8.99,1.8,4.11,8.52,4.78,0.61,6.47,4.72
564,5.32,2.42,2.46,4.64,12.76,2.78,6.02,3.6
565,4.77,1.03,6.36,8.4,2.89,3.13,3.25,10.17
566,8.55,1.09,4.03,8.95,0.56,5.66,5.06,6.1
567,10.15,0.78,3.13,6.24,1.86,2.62,7.39,7.83
568,7.79,4.39,3.81,0.87,4.78,1.92,14.81,1.63
569,6.03,0.17,6.39,4.0,6.22,10.71,4.14,2.34
570,7.34,5.53,5.18,5.13,5.75,7.57,1.45,2.05
571,7.67,0.2,6.93,7.65,0.94,10.09,5.05,1.47
572,7.45,9.54,2.9,5.01,3.36,1.4,1.78,8.56
573,10.17,4.2,6.58,7.06,4.18,4.0,1.68,2.13
574,4.55,3.1,11.46,4.21,1.97,10.59,1.62,2.5
575,8.66,9.14,2.69,4.01,1.21,0.49,4.61,9.19
576,10.94,2.1,6.46,7.17,5.98,1.53,0.82,5.0
577,8.59,2.36,6.06,6.75,6.58,4.74,3.79,1.13
578,6.85,4.4,5.61,4.09,5.93,2.36,4.01,6.75
579,5.27,4.05,7.61,7.55,2.15,4.31,4.62,4.44
580,6.0,2.12,8.74,4.31,7.3,1.4,9.29,0.84
581,3.16,6.55,5.41,4.56,1.67,7.66,2.91,8.08
582,4.69,1.9,8.14,3.93,2.38,8.78,1.84,8.34
583,6.88,1.55,5.68,1.4,1.86,9.59,2.91,10.13
584,4.3,4.92,7.59,8.8,0.66,6.89,4.14,2.7
585,9.86,12.16,4.55,1.53,4.68,2.72,1.72,2.78
586,2.79,0.52,10.47,1.85,6.08,2.23,8.48,7.58
587,7.61,9.05,3.59,2.67,8.19,1.0,5.19,2.7
588,4.51,4.64,12.28,5.82,4.59,1.64,1.71,4.81
589,3.81,2.99,8.24,6.13,6.38,6.98,2.32,3.15
590,2.21,3.76,2.57,3.61,5.34,11.11,1.3,10.1
591,4.49,6.84,1.4,3.35,6.24,9.38,5.75,2.55
592,0.52,8.94,7.18,3.81,7.46,3.13,2.76,6.2
593,1.52,11.13,6.75,6.64,0.67,5.5,1.54,6.25
594,3.71,0.29,11.34,3.28,3.86,3.13,2.48,11.91
595,2.96,3.28,2.83,0.6,6.52,11.45,12.06,0.3
596,10.45,8.15,3.3,6.37,4.43,0.2,1.63,5.47
597,3.23,8.5,7.43,4.03,0.28,3.73,2.0,10.8
598,6.33,3.71,6.23,8.54,6.62,1.24,6.47,0.86
599,8.16,1.27,5.47,9.84,6.35,0.59,3.56,4.76
600,5.89,2.35,3.04,1.33,8.23,9.78,8.38,1.0
601,7.78,8.32,4.11,3.17,5.2,6.72,2.66,2.04
602,6.47,7.26,5.65,4.47,3.04,7.88,2.7,2.53
603,7.61,4.26,6.74,9.54,3.4,0.94,7.09,0.42
604,4.71,5.91,0.93,6.44,8.52,1.28,1.85,10.36
605,3.11,6.74,7.52,6.55,1.84,6.09,4.27,3.88
606,2.17,7.85,4.45,7.88,6.72,6.23,1.62,3.08
607,2.76,4.43,5.76,1.45,10.51,1.59,9.52,3.98
608,9.18,3.97,9.25,2.4,1.17,6.67,1.58,5.78
609,1.61,9.2,2.45,1.3,8.14,8.83,5.04,3.43
610,0.82,9.14,2.1,2.54,9.16,4.8,2.68,8.76
611,11.23,4.97,6.88,0.82,5.31,1.22,6.22,3.35
612,3.0,4.57,10.08,7.94,2.17,5.04,3.0,4.2
613,6.65,2.43,3.95,6.34,6.05,0.75,10.4,3.43
614,7.73,1.88,2.57,6.81,3.87,8.12,4.87,4.15
615,10.48,3.86,7.85,6.55,1.55,4.07,1.31,4.33
616,5.96,10.28,4.36,6.33,5.26,2.38,2.15,3.28
617,2.06,7.07,1.22,1.32,0.8,12.5,10.13,4.9
618,7.16,12.12,7.28,2.45,5.33,2.01,3.09,0.56
619,3.11,3.3,10.93,1.47,4.52,8.51,7.15,1.01
620,5.2,6.2,1.98,7.88,1.35,7.57,4.28,5.54
621,5.0,13.15,1.88,6.78,5.17,2.62,1.78,3.62
622,6.94,3.79,2.94,4.75,7.33,5.84,5.86,2.55
623,4.47,3.95,7.31,2.92,3.4,5.51,1.02,11.42
624,8.49,1.7,4.51,8.42,1.06,6.22,1.06,8.54
625,4.98,8.15,6.31,3.76,6.98,3.06,1.53,5.23
626,5.76,7.62,11.35,4.28,4.4,2.97,3.39,0.23
627,1.28,3.44,6.65,4.0,6.01,3.11,2.24,13.27
628,0.64,5.24,10.96,2.07,4.84,5.08,4.43,6.74
629,4.78,3.53,5.41,11.26,3.59,6.27,3.6,1.56
630,1.39,2.51,7.07,7.71,5.56,2.81,8.9,4.05
631,3.04,3.97,2.34,10.61,3.27,3.71,2.62,10.44
632,9.14,2.17,8.88,6.97,4.96,1.12,6.1,0.66
633,9.44,5.14,5.83,4.06,0.36,4.1,5.55,5.52
634,1.74,3.49,7.22,7.92,5.48,3.34,8.45,2.36
635,4.08,5.66,8.6,8.78,2.08,6.78,0.97,3.05
636,4.81,5.7,5.79,4.57,10.56,3.56,4.19,0.82
637,6.46,1.2,4.11,1.15,1.28,1.83,13.76,10.21
638,12.03,6.41,2.0,5.19,4.14,3.7,2.0,4.53
639,5.63,7.28,2.22,7.09,2.19,8.03,1.73,5.83
640,10.37,0.73,7.69,5.87,5.0,2.96,0.47,6.91
641,1.91,0.7,4.44,9.01,4.46,1.43,6.81,11.24
642,5.53,2.8,9.98,6.31,2.73,6.57,1.28,4.8
643,3.75,6.94,0.95,8.0,4.2,5.74,1.17,9.25
644,8.74,3.84,1.37,4.87,9.68,3.76,4.78,2.96
645,3.2,1.48,6.71,5.71,5.92,6.4,2.16,8.42
646,3.23,11.96,4.66,5.27,7.47,2.02,3.24,2.15
647,7.15,9.68,0.62,4.2,9.97,0.9,3.12,4.36
648,6.39,3.0,4.04,1.69,6.91,10.8,2.38,4.79
649,3.17,5.32,6.17,1.7,2.88,12.22,1.81,6.73
650,7.85,10.91,5.63,3.22,1.15,6.58,2.65,2.01
651,7.66,3.89,9.25,3.92,4.73,4.87,2.6,3.08
652,7.05,10.39,2.82,9.43,0.58,1.66,2.24,5.83
653,11.58,5.87,6.99,4.43,3.38,0.74,1.93,5.08
654,4.6,6.63,7.36,8.25,5.33,3.08,2.71,2.04
655,1.39,0.26,8.83,9.06,1.03,8.0,6.7,4.73
656,9.48,6.63,2.59,2.2,8.96,0.89,1.32,7.93
657,2.29,5.78,7.62,7.14,7.26,4.25,3.96,1.7
658,7.48,7.25,2.37,6.37,5.08,1.42,2.07,7.96
659,4.97,14.59,3.21,2.57,2.78,6.81,4.82,0.25
660,3.81,6.62,1.33,11.84,4.54,1.82,9.96,0.08
661,9.27,5.55,4.75,7.28,2.5,0.66,1.12,8.87
662,5.68,3.68,0.95,3.74,5.31,4.24,6.27,10.13
663,3.53,5.1,1.13,10.96,6.67,9.06,1.84,1.71
664,5.36,4.69,2.49,6.17,12.05,2.82,1.83,4.59
665,3.37,5.74,2.1,7.82,0.62,9.1,0.38,10.87
666,3.6,2.08,1.56,7.82,0.82,7.77,7.1,9.25
667,10.08,4.33,6.9,6.88,1.31,3.94,3.48,3.08
668,4.38,5.96,3.79,9.32,6.24,6.55,0.65,3.11
669,8.91,6.09,6.58,2.52,5.46,4.68,4.98,0.78
670,3.02,4.85,5.82,4.84,0.55,5.64,11.43,3.85
671,5.79,5.63,2.63,1.8,10.15,4.91,0.74,8.35
672,2.8,8.96,7.58,1.54,1.84,1.73,5.56,9.99
673,9.96,7.51,4.42,2.44,0.85,6.39,2.51,5.92
674,5.79,8.12,2.57,3.47,2.29,2.71,2.58,12.47
675,5.46,0.81,11.14,1.6,1.03,2.77,1.74,15.45
676,2.31,10.63,1.0,6.51,6.57,6.64,5.24,1.1
677,5.58,2.1,2.4,8.06,4.36,3.97,0.99,12.54
678,6.95,5.0,5.15,5.51,6.09,2.38,0.55,8.37
679,2.88,6.95,8.8,4.45,3.68,1.26,11.93,0.05
680,7.74,1.41,7.12,1.38,13.09,2.63,2.5,4.13
681,8.15,1.94,5.25,7.14,3.83,6.12,5.72,1.85
682,1.48,1.12,4.59,2.63,1.73,3.89,3.82,20.74
683,1.74,7.01,4.62,6.1,8.64,5.38,2.69,3.82
684,5.42,0.72,6.56,1.31,9.9,1.65,10.67,3.77
685,3.27,4.65,8.66,7.03,5.27,1.64,1.51,7.97
686,5.05,8.05,4.95,1.02,1.7,3.81,11.71,3.71
687,5.62,6.38,5.23,0.65,5.44,8.94,0.86,6.88
688,0.41,1.05,10.18,3.01,4.18,10.89,4.56,5.72
689,8.73,7.42,1.65,5.54,1.83,2.08,3.32,9.43
690,2.59,3.96,8.4,1.99,3.61,9.36,1.03,9.06
691,6.79,3.25,6.4,6.03,0.4,6.57,1.69,8.87
692,3.16,3.17,3.52,13.15,1.24,8.35,6.2,1.21
693,7.63,4.03,8.75,7.61,0.52,5.03,2.1,4.33
694,5.36,9.84,6.09,5.61,5.49,2.02,0.76,4.83
695,5.54,12.05,2.07,4.75,6.4,6.24,2.33,0.62
696,0.98,5.69,1.78,8.19,4.49,9.91,4.6,4.36
697,3.88,4.89,6.64,5.39,6.4,0.97,7.36,4.47
698,6.11,7.23,4.67,6.08,3.85,0.17,11.06,0.83
699,1.12,1.19,4.38,7.71,6.86,4.7,9.62,4.42
700,9.62,2.24,0.4,7.39,3.9,12.0,1.82,2.63
701,7.25,0.27,1.26,10.19,4.81,3.09,6.74,6.39
702,0.81,2.73,9.41,7.3,5.15,1.02,13.5,0.08
703,4.56,7.25,5.67,4.86,2.76,2.11,12.61,0.18
704,11.53,5.82,3.12,8.13,0.93,3.23,3.11,4.13
705,8.14,10.55,4.15,6.22,4.48,3.7,0.64,2.12
706,1.46,12.14,6.28,5.86,0.37,8.27,1.9,3.72
707,13.4,6.11,1.25,7.22,1.12,1.76,2.38,6.76
708,3.02,3.4,7.05,3.31,1.49,9.64,2.05,10.04
709,5.44,6.48,5.84,0.19,6.84,5.46,9.61,0.14
710,3.8,3.26,0.41,18.3,2.62,6.14,5.1,0.37
711,6.48,1.19,2.68,11.45,7.91,2.15,5.48,2.66
712,3.41,1.19,1.98,3.99,4.0,14.4,9.5,1.53
713,4.68,9.98,5.44,2.57,8.97,5.13,1.35,1.88
714,5.55,2.53,9.82,5.97,4.75,5.2,0.4,5.78
715,2.97,5.78,9.84,6.2,5.89,5.34,3.05,0.93
716,8.36,2.31,4.9,6.81,4.99,7.6,1.98,3.05
717,2.75,8.35,5.86,0.88,8.42,7.54,5.36,0.84
718,9.65,5.55,0.99,5.19,2.58,5.08,1.87,9.09
719,4.43,8.13,4.71,6.3,1.09,9.12,1.09,5.13
720,5.65,6.85,4.45,6.04,4.08,0.49,3.55,8.89
721,0.67,9.32,9.71,2.94,1.12,4.8,2.5,8.94
722,4.1,3.82,4.3,1.56,3.04,11.87,6.83,4.48
723,2.19,1.59,9.95,4.57,2.05,1.78,7.23,10.64
724,8.14,7.83,6.63,5.08,2.82,6.25,1.64,1.61
725,8.67,1.22,9.76,7.59,3.14,4.85,1.84,2.93
726,6.97,8.21,3.36,2.55,4.74,0.76,12.11,1.3
727,7.96,9.37,2.92,2.45,3.99,4.02,4.27,5.02
728,6.53,5.75,9.69,7.06,1.11,2.71,0.42,6.73
729,9.05,5.78,5.95,3.96,2.48,3.96,1.73,7.09
730,6.08,1.8,5.24,3.55,2.25,5.76,12.66,2.66
731,1.29,2.64,7.32,4.82,6.46,5.35,2.04,10.08
732,5.41,4.92,5.3,1.94,0.93,8.41,11.4,1.69
733,4.07,6.86,5.4,8.49,2.02,1.88,10.9,0.38
734,7.46,4.18,1.56,7.45,1.51,11.42,0.63,5.79
735,2.88,9.1,8.87,4.24,6.35,1.68,5.67,1.21
736,7.44,6.13,5.41,4.83,4.6,2.36,8.36,0.87
737,9.04,4.21,4.29,4.15,0.82,1.12,15.32,1.05
738,8.4,5.26,6.07,6.08,0.54,5.01,5.54,3.1
739,3.84,9.19,2.82,9.35,1.95,6.69,5.73,0.43
740,11.26,4.7,5.82,6.75,1.38,1.89,3.9,4.3
741,5.8,8.42,0.73,4.37,6.34,4.52,5.59,4.23
742,7.2,8.51,3.44,3.81,6.02,4.0,6.26,0.76
743,1.01,10.95,7.49,6.45,2.04,4.39,2.89,4.78
744,1.03,9.35,4.27,3.8,7.15,3.8,10.01,0.59
745,6.47,7.71,4.01,5.87,3.54,6.98,5.06,0.36
746,7.25,6.11,1.63,9.36,6.33,2.1,6.98,0.24
747,1.14,2.99,2.47,10.17,10.5,1.93,4.45,6.35
748,3.54,3.99,6.38,3.99,7.8,8.41,3.47,2.42
749,9.23,4.96,2.08,7.89,4.73,2.11,1.04,7.96
750,7.66,6.26,1.11,4.21,7.83,6.99,1.74,4.2
751,2.93,1.74,1.24,15.74,4.16,8.57,1.24,4.38
752,1.29,0.58,9.66,7.15,7.45,2.43,3.04,8.4
753,3.82,4.06,6.86,9.89,2.48,1.79,2.98,8.12
754,10.68,1.86,4.13,5.02,1.62,0.87,2.32,13.5
755,6.08,1.83,4.21,0.95,10.26,2.27,5.01,9.39
756,2.32,12.22,6.69,3.28,7.59,1.76,4.43,1.71
757,7.16,5.03,7.3,1.15,2.98,1.02,9.06,6.3
758,1.52,4.93,8.79,1.92,4.82,10.18,2.48,5.36
759,4.53,8.89,7.24,2.87,8.01,1.54,6.87,0.05
760,9.0,8.0,3.89,2.52,5.8,2.97,6.45,1.37
761,10.87,1.09,5.7,1.37,1.09,1.37,6.52,11.99
762,10.61,0.39,4.61,4.06,1.3,2.01,6.49,10.53
763,2.22,6.56,2.28,4.83,4.72,3.3,6.31,9.78
764,0.98,7.61,3.62,4.18,7.84,2.26,9.39,4.12
765,2.54,13.07,6.91,3.53,2.92,5.37,2.59,3.07
766,12.58,5.99,5.03,6.68,3.52,3.37,1.79,1.04
767,3.52,5.92,8.77,7.37,5.52,4.77,3.32,0.81
768,1.02,12.8,7.14,6.98,1.02,5.32,3.97,1.75
769,0.81,0.33,15.94,3.58,6.89,6.91,2.68,2.86
770,0.5,7.09,8.66,8.16,0.38,4.92,3.4,6.89
771,6.8,8.93,8.11,2.61,3.59,2.54,4.71,2.71
772,7.18,9.97,4.09,7.13,4.96,4.26,0.72,1.69
773,3.27,7.09,8.3,2.53,5.97,5.17,5.77,1.9
774,9.08,6.7,1.04,1.78,8.57,5.19,3.46,4.18
775,10.78,4.83,5.97,6.97,3.81,0.82,5.76,1.06
776,4.18,7.43,1.96,2.01,1.98,11.57,3.69,7.18
777,2.02,2.86,1.64,8.04,6.57,0.84,9.8,8.23
778,6.17,7.37,5.07,5.86,8.28,3.82,0.82,2.61
779,6.41,4.22,2.69,5.41,2.43,1.89,3.61,13.34
780,3.07,11.74,6.36,6.19,5.05,2.16,5.01,0.42
781,7.11,2.82,8.54,2.41,2.68,2.3,3.11,11.03
782,8.75,7.03,3.3,7.31,1.29,7.16,3.82,1.34
783,1.06,2.65,3.46,12.03,3.31,2.0,5.6,9.89
784,2.85,5.21,6.27,3.37,8.8,8.62,4.18,0.7
785,8.78,2.32,3.28,4.83,5.91,2.64,12.05,0.19
786,5.34,9.12,5.64,8.34,0.93,1.78,0.91,7.94
787,5.26,9.38,2.11,10.76,3.9,2.63,3.79,2.17
788,1.02,5.14,0.87,9.96,0.64,6.49,10.56,5.32
789,4.1,0.45,7.95,3.93,5.51,11.24,3.02,3.8
790,3.54,10.89,3.14,6.66,7.22,5.54,1.76,1.25
791,3.68,0.11,12.55,6.49,8.27,3.91,3.68,1.31
792,1.72,3.74,7.22,3.23,8.65,3.83,9.08,2.53
793,5.88,10.36,1.97,4.64,2.72,3.77,0.73,9.93
794,4.83,11.8,4.06,4.6,4.12,6.89,2.17,1.53
795,3.94,8.08,6.04,3.74,3.57,2.51,3.28,8.84
796,9.83,1.32,6.62,4.15,3.6,4.88,8.7,0.9
797,0.84,7.25,8.49,5.74,7.71,2.0,5.5,2.47
798,6.55,9.5,8.21,2.53,5.18,1.54,1.99,4.5
799,9.58,3.91,3.06,6.18,0.75,4.4,6.08,6.04
800,3.45,4.39,9.03,2.13,6.32,7.96,3.24,3.48
801,6.12,8.48,6.73,4.08,6.5,2.93,2.47,2.69
802,7.04,3.41,4.1,2.52,9.46,3.43,9.93,0.11
803,3.37,8.1,4.35,5.58,0.97,9.5,0.81,7.32
804,9.31,3.21,5.47,7.55,5.74,5.91,1.18,1.63
805,6.4,6.29,9.5,3.29,3.28,2.27,6.89,2.08
806,4.14,8.51,5.56,1.47,1.65,2.65,10.21,5.81
807,1.86,3.98,8.14,7.88,2.36,7.32,8.35,0.11
808,6.04,5.03,0.2,2.47,4.55,14.25,1.7,5.76
809,8.08,6.39,1.83,8.94,3.51,2.34,3.48,5.43
810,0.82,2.64,10.64,2.29,6.54,7.9,5.21,3.96
811,3.12,4.82,8.81,8.04,1.12,2.52,7.59,3.98
812,5.51,4.38,5.71,8.92,0.99,8.31,1.88,4.3
813,9.68,8.62,1.66,2.08,3.57,6.31,1.33,6.75
814,9.5,2.06,0.83,7.18,2.13,9.11,0.76,8.43
815,11.16,1.3,4.29,7.14,1.74,7.89,0.76,5.72
816,3.33,0.16,5.96,4.98,7.31,0.42,8.96,8.88
817,2.83,1.41,3.89,8.2,7.75,7.14,7.25,1.53
818,7.31,4.57,7.06,3.37,3.21,4.27,4.84,5.37
819,3.68,0.7,4.2,8.4,1.95,8.64,5.45,6.98
820,9.36,2.13,1.59,3.85,11.59,2.03,2.21,7.24
821,0.57,1.01,10.23,3.27,11.38,7.96,0.77,4.81
822,3.5,3.55,7.14,8.64,5.53,2.34,5.12,4.18
823,4.11,10.58,7.07,5.32,3.36,2.05,0.76,6.75
824,1.52,4.65,7.88,3.6,8.69,4.65,5.07,3.94
825,11.02,5.75,4.89,5.74,6.11,0.41,3.75,2.33
826,8.03,4.45,3.48,6.02,6.29,1.54,2.47,7.72
827,3.72,0.57,2.07,6.42,9.69,3.49,8.9,5.14
828,3.03,0.19,9.91,10.11,0.76,3.93,8.65,3.42
829,3.63,1.99,2.85,5.75,9.54,8.67,0.75,6.82
830,7.36,8.38,6.44,1.19,8.69,5.24,1.66,1.04
831,7.95,3.02,7.62,5.75,2.19,5.15,3.33,4.99
832,5.36,2.29,1.89,8.43,5.04,7.88,1.35,7.76
833,8.4,0.58,10.35,4.58,4.84,0.43,0.45,10.37
834,2.14,6.36,1.11,8.64,1.06,11.05,6.54,3.1
835,9.94,7.63,5.55,0.88,7.75,1.64,0.91,5.7
836,4.95,6.76,6.37,10.28,2.86,1.74,1.61,5.43
837,2.17,2.63,8.25,4.57,9.79,6.38,5.63,0.58
838,8.26,7.34,8.51,1.82,1.99,2.61,2.37,7.1
839,7.39,0.99,1.46,0.36,9.56,6.12,11.53,2.59
840,4.48,5.14,1.5,1.6,14.25,5.14,2.26,5.63
841,3.78,1.28,10.82,5.4,3.62,1.41,1.96,11.73
842,4.43,8.56,6.23,2.39,5.09,5.35,1.48,6.47
843,5.6,0.79,9.36,2.85,11.72,4.28,1.07,4.33
844,9.3,2.28,7.51,4.45,6.97,2.1,6.69,0.7
845,2.93,5.4,5.1,10.43,5.51,6.08,2.38,2.17
846,2.19,2.79,7.04,9.28,1.32,9.22,5.05,3.11
847,7.5,4.02,6.08,2.55,4.64,8.74,2.83,3.64
848,1.21,2.61,2.42,2.2,12.45,6.1,12.18,0.83
849,11.39,4.46,3.81,4.99,2.59,1.74,6.15,4.87
850,9.21,1.0,4.57,6.5,6.77,3.26,1.67,7.02
851,0.92,0.7,10.8,6.83,7.04,1.99,4.9,6.82
852,4.58,2.66,6.12,4.08,0.68,2.67,3.15,16.06
853,3.39,5.3,5.37,1.0,4.07,2.98,13.1,4.79
854,1.31,8.11,1.98,3.19,10.48,1.2,7.09,6.64
855,9.99,1.24,10.75,2.37,3.99,3.25,3.77,4.64
856,2.37,2.76,2.7,3.88,5.08,3.38,3.77,16.06
857,7.44,4.47,8.96,1.21,2.05,1.3,6.62,7.95
858,7.37,4.23,4.73,6.35,1.82,3.13,2.34,10.03
859,2.03,3.74,2.57,8.45,9.9,9.71,3.17,0.43
860,6.67,7.97,6.93,8.79,0.79,3.97,4.61,0.27
861,6.61,6.06,3.49,1.9,3.24,11.62,0.13,6.95
862,9.56,2.51,7.83,3.66,3.45,2.87,0.87,9.25
863,5.42,10.55,6.25,2.91,6.22,0.98,4.51,3.16
864,11.98,6.48,4.23,4.87,2.65,4.72,3.55,1.52
865,7.96,3.36,1.04,3.75,9.36,8.29,2.66,3.58
866,10.46,3.22,7.04,5.67,2.2,1.56,7.62,2.23
867,5.68,8.97,4.18,3.3,4.43,8.78,2.22,2.44
868,6.36,2.35,3.5,4.91,7.8,7.29,1.88,5.91
869,4.68,2.91,6.92,8.01,7.54,3.66,0.97,5.31
870,5.27,1.39,5.28,2.65,1.49,9.79,13.31,0.82
871,6.06,2.43,7.59,5.31,3.11,6.66,3.1,5.74
872,3.77,6.45,5.81,7.24,2.82,4.64,1.46,7.81
873,8.7,3.22,8.72,0.65,4.83,3.04,3.68,7.16
874,11.81,4.68,3.43,1.56,0.49,10.39,5.2,2.44
875,3.67,1.89,1.17,7.34,3.68,15.18,1.0,6.07
876,9.14,1.1,4.29,5.67,0.66,3.26,8.75,7.13
877,3.77,6.93,6.91,8.68,2.09,0.42,8.48,2.72
878,4.04,5.33,9.59,9.65,1.64,2.11,1.05,6.59
879,8.14,4.29,6.83,6.31,4.79,4.86,3.76,1.02
880,5.64,5.25,6.0,1.28,10.82,3.43,2.36,5.22
881,2.52,13.37,5.4,7.56,3.63,2.12,5.1,0.3
882,0.65,10.63,1.42,5.1,9.4,1.56,1.5,9.74
883,10.29,2.17,6.14,4.15,1.36,7.95,5.54,2.4
884,5.1,4.17,10.26,6.3,1.03,2.73,2.02,8.39
885,3.39,5.23,5.67,6.38,0.73,10.78,0.99,6.83
886,6.36,2.85,4.77,9.03,0.69,3.6,12.4,0.3
887,3.79,3.32,4.36,6.74,2.91,4.07,4.82,9.99
888,6.82,4.31,2.74,6.18,5.72,1.13,9.63,3.47
889,9.14,5.94,2.02,2.8,0.49,8.81,9.93,0.87
890,6.8,2.79,7.78,0.39,2.11,2.08,6.27,11.78
891,4.26,6.99,0.74,5.17,8.18,8.93,2.02,3.71
892,1.12,0.55,8.58,11.65,0.56,7.82,7.34,2.38
893,7.67,7.22,6.44,7.73,4.24,1.54,1.66,3.5
894,4.7,5.59,2.57,6.6,8.93,6.07,0.73,4.81
895,5.21,2.12,5.6,2.35,8.06,4.55,2.94,9.17
896,2.91,1.43,7.97,2.23,7.24,1.12,7.6,9.5
897,8.03,2.45,7.82,6.48,4.3,4.69,3.01,3.22
898,5.67,8.81,8.25,4.18,3.2,5.72,0.19,3.98
899,4.81,5.07,1.87,9.82,4.3,7.45,5.77,0.91
900,4.02,5.14,7.35,2.08,6.5,11.66,1.07,2.18
901,3.31,1.25,1.05,12.01,8.38,3.07,8.3,2.63
902,5.88,8.91,7.95,5.78,3.49,1.34,4.29,2.36
903,11.78,3.1,2.43,3.83,4.91,2.52,3.6,7.83
904,7.04,4.95,1.56,6.26,7.69,0.64,8.41,3.45
905,1.42,8.1,7.52,6.95,6.44,5.28,4.1,0.19
906,8.21,1.9,7.89,7.99,3.01,6.35,1.28,3.37
907,0.59,6.43,6.33,9.1,0.45,8.01,4.21,4.88
908,7.25,1.4,1.61,1.48,3.84,10.41,1.17,12.84
909,6.99,5.03,7.62,6.33,7.46,4.92,1.39,0.26
910,7.66,4.76,6.7,3.42,2.94,7.5,0.48,6.54
911,10.55,3.95,1.65,6.92,3.13,9.12,0.84,3.84
912,5.46,0.05,9.37,3.26,2.54,0.89,6.12,12.31
913,4.95,1.74,8.35,5.87,5.35,6.66,3.81,3.27
914,7.96,1.01,8.33,7.47,0.48,7.26,1.08,6.41
915,1.24,0.86,8.01,3.41,4.08,14.99,0.39,7.02
916,6.94,8.54,2.12,6.54,4.45,0.25,10.87,0.29
917,3.17,7.81,0.73,1.73,6.88,3.04,15.65,0.99
918,6.28,0.75,9.54,2.17,1.55,2.36,5.86,11.49
919,11.92,3.58,1.94,8.39,5.19,0.36,4.22,4.4
920,5.34,5.65,5.66,7.39,4.29,5.43,1.23,5.01
921,10.23,5.57,1.45,6.39,6.2,6.57,2.27,1.32
922,5.97,6.26,0.92,3.0,6.87,11.81,1.33,3.84
923,8.98,3.7,4.68,2.22,2.05,1.17,9.87,7.33
924,2.74,3.52,5.49,10.92,4.9,3.04,7.12,2.27
925,9.23,4.63,5.2,8.59,6.24,0.99,1.37,3.75
926,9.19,3.26,8.17,7.34,1.95,5.0,1.71,3.38
927,5.82,0.99,9.77,3.1,6.12,3.2,2.99,8.01
928,1.49,10.01,7.91,5.41,3.33,6.65,4.68,0.52
929,3.14,5.86,4.92,8.22,2.51,4.45,0.78,10.12
930,1.51,7.28,2.07,15.12,2.33,1.15,6.46,4.08
931,1.3,1.69,11.88,2.67,6.62,2.16,6.71,6.97
932,0.52,8.55,5.86,9.17,3.3,6.95,1.24,4.41
933,5.31,5.7,2.9,5.32,6.07,6.96,0.15,7.59
934,5.84,2.14,4.13,8.35,5.65,1.48,2.89,9.52
935,6.56,3.19,9.25,6.08,1.66,4.3,7.36,1.6
936,5.23,5.72,1.57,1.28,1.88,12.65,0.56,11.11
937,5.83,3.29,5.01,3.54,8.29,1.04,2.62,10.38
938,4.42,1.25,1.11,1.69,13.35,2.44,7.11,8.63
939,7.24,4.02,6.45,2.28,7.65,5.76,2.89,3.71
940,6.28,2.07,6.97,7.28,5.64,1.83,2.82,7.11
941,7.77,3.05,7.49,4.37,3.83,7.24,5.06,1.19
942,1.58,10.12,5.0,4.2,1.94,0.72,16.44,0.0
943,8.95,0.52,9.46,2.23,3.23,0.44,6.3,8.87
944,7.23,9.42,7.55,4.61,3.71,2.0,1.26,4.22
945,4.18,4.38,4.36,9.58,2.0,4.64,5.81,5.05
946,9.18,4.53,7.53,2.19,2.56,0.86,2.97,10.18
947,1.02,6.11,4.0,9.09,2.61,0.77,10.72,5.68
948,7.23,2.75,5.13,2.97,3.08,6.53,11.63,0.68
949,4.87,3.63,7.69,6.92,0.89,0.73,14.61,0.66
950,7.37,4.13,8.63,4.55,4.18,6.43,0.71,4.0
951,6.25,1.91,7.63,10.26,2.61,2.17,1.8,7.37
952,10.78,2.64,5.08,1.85,4.73,1.68,9.72,3.52
953,7.24,6.67,7.01,5.67,8.2,1.11,1.79,2.31
954,2.85,9.63,8.36,6.8,2.76,2.97,0.99,5.64
955,6.45,3.05,12.45,6.91,2.78,5.9,1.89,0.57
956,10.86,5.51,4.72,5.05,2.54,7.08,3.78,0.46
957,7.72,1.0,0.22,6.45,6.16,1.16,12.68,4.61
958,3.12,12.07,6.6,2.93,3.18,3.22,0.59,8.29
959,1.59,2.22,6.29,8.88,2.91,8.39,0.5,9.22
960,1.31,5.61,2.57,5.11,0.53,8.78,7.75,8.34
961,0.66,2.56,9.44,10.3,2.18,7.22,0.97,6.67
962,8.96,2.46,8.58,0.92,9.13,0.73,2.79,6.43
963,9.77,1.01,9.54,6.5,2.66,3.06,5.87,1.59
964,5.03,2.81,2.65,3.26,8.78,4.61,6.88,5.98
965,7.66,5.29,7.93,1.43,5.19,7.61,2.17,2.72
966,5.83,2.83,6.29,5.87,0.73,0.88,5.93,11.64
967,7.83,4.87,2.74,7.75,5.44,5.83,2.85,2.69
968,3.37,6.49,6.99,6.19,5.17,6.02,2.56,3.21
969,4.96,5.2,2.34,5.68,1.69,3.07,16.96,0.1
970,8.41,5.6,2.76,7.39,9.2,0.73,4.18,1.73
971,3.48,0.68,3.75,1.2,10.28,4.57,2.97,13.07
972,6.05,0.72,9.67,6.46,7.23,3.67,3.56,2.64
973,7.41,8.13,8.19,2.81,6.92,0.67,1.94,3.93
974,6.26,5.89,7.96,2.32,1.9,2.65,6.67,6.35
975,6.05,4.04,8.44,2.56,6.4,6.47,5.28,0.76
976,6.77,4.27,8.46,4.06,5.71,7.69,1.09,1.95
977,8.85,2.8,3.65,9.59,2.46,1.95,6.63,4.07
978,5.49,8.3,7.85,3.62,2.63,4.5,4.25,3.36
979,4.74,2.45,2.71,4.58,8.49,4.81,3.34,8.88
980,0.99,1.4,7.17,10.76,2.51,12.35,0.72,4.1
981,3.37,7.48,4.43,8.08,1.44,7.05,0.94,7.21
982,6.86,7.08,3.71,4.42,4.69,0.64,8.64,3.96
983,9.03,2.19,2.17,7.96,3.8,8.91,5.05,0.89
984,2.63,0.84,5.02,8.06,9.35,6.73,0.44,6.93
985,5.91,8.28,5.73,5.44,1.02,2.8,1.45,9.37
986,5.26,10.25,4.63,4.96,5.42,3.09,1.37,5.02
987,7.03,0.78,8.11,3.45,2.13,10.53,0.98,6.99
988,5.0,9.64,1.91,2.17,1.0,8.67,1.36,10.25
989,3.98,3.69,2.54,6.11,6.98,3.01,1.03,12.66
990,3.38,4.1,5.27,9.23,9.57,1.96,5.56,0.93
991,5.76,7.31,1.09,7.58,2.42,7.39,1.28,7.17
992,6.31,0.96,8.58,2.42,0.73,2.74,3.12,15.14
993,5.97,8.65,2.15,6.96,5.12,1.84,8.64,0.67
994,9.05,5.14,6.92,1.77,2.9,9.38,3.59,1.25
995,2.52,7.62,6.27,5.23,1.85,3.08,3.45,9.98
996,2.23,8.71,6.66,1.47,5.93,2.61,5.05,7.34
997,6.88,3.33,0.87,3.28,1.67,1.03,3.64,19.3
998,8.62,1.55,4.04,6.33,3.83,3.68,4.34,7.61
999,0.62,5.16,3.01,4.35,8.76,3.04,8.12,6.94
1000,6.57,0.76,6.71,6.53,4.76,8.2,4.9,1.57
